{"stats":{"minecraft:used":{"minecraft:flint_and_steel":14},"minecraft:killed_by":{"minecraft:zombie":1},"minecraft:picked_up":{"minecraft:stone_brick_stairs":1,"minecraft:redstone_torch":1,"minecraft:sugar_cane":2},"minecraft:mined":{"minecraft:short_grass":1},"minecraft:custom":{"minecraft:open_chest":1,"minecraft:time_since_rest":525,"minecraft:crouch_one_cm":556,"minecraft:play_time":8741,"minecraft:sprint_one_cm":23108,"minecraft:deaths":3,"minecraft:damage_taken":835,"minecraft:walk_one_cm":12931,"minecraft:sneak_time":165,"minecraft:walk_under_water_one_cm":172,"minecraft:jump":140,"minecraft:damage_dealt":75,"minecraft:leave_game":2,"minecraft:walk_on_water_one_cm":3106,"minecraft:time_since_death":453,"minecraft:total_world_time":8741,"minecraft:swim_one_cm":3421,"minecraft:fall_one_cm":7518,"minecraft:fly_one_cm":26296}},"DataVersion":3953}