{"stats":{"minecraft:used":{"minecraft:dirt":1},"minecraft:killed_by":{"minecraft:zombie":3},"minecraft:killed":{"minecraft:sheep":1},"minecraft:dropped":{"minecraft:light_gray_wool":1,"minecraft:wheat_seeds":1,"minecraft:mutton":1},"minecraft:picked_up":{"minecraft:wheat_seeds":2,"minecraft:light_gray_wool":1,"minecraft:mutton":1,"minecraft:dirt":1},"minecraft:mined":{"minecraft:short_grass":2,"minecraft:grass_block":1},"minecraft:custom":{"minecraft:time_since_rest":7755,"minecraft:play_time":24476,"minecraft:sprint_one_cm":10794,"minecraft:deaths":3,"minecraft:damage_taken":830,"minecraft:walk_one_cm":18616,"minecraft:mob_kills":1,"minecraft:drop":3,"minecraft:jump":156,"minecraft:damage_dealt":283,"minecraft:leave_game":3,"minecraft:time_since_death":3902,"minecraft:total_world_time":24476,"minecraft:fall_one_cm":5387,"minecraft:fly_one_cm":19623}},"DataVersion":3953}