{"stats":{"minecraft:picked_up":{"minecraft:wheat_seeds":2,"minecraft:light_gray_wool":1,"minecraft:mutton":1,"minecraft:dirt":1},"minecraft:dropped":{"minecraft:light_gray_wool":1,"minecraft:wheat_seeds":1,"minecraft:mutton":1},"minecraft:custom":{"minecraft:time_since_rest":5037,"minecraft:play_time":21758,"minecraft:sprint_one_cm":8880,"minecraft:deaths":3,"minecraft:damage_taken":780,"minecraft:walk_one_cm":12701,"minecraft:mob_kills":1,"minecraft:drop":3,"minecraft:jump":134,"minecraft:damage_dealt":283,"minecraft:leave_game":1,"minecraft:time_since_death":1184,"minecraft:total_world_time":21758,"minecraft:fall_one_cm":4302,"minecraft:fly_one_cm":15886},"minecraft:killed_by":{"minecraft:zombie":3},"minecraft:killed":{"minecraft:sheep":1},"minecraft:used":{"minecraft:dirt":1},"minecraft:mined":{"minecraft:short_grass":2,"minecraft:grass_block":1}},"DataVersion":3953}