{"stats":{"minecraft:used":{"minecraft:dirt":1},"minecraft:picked_up":{"minecraft:wheat_seeds":2,"minecraft:light_gray_wool":1,"minecraft:mutton":1,"minecraft:dirt":1},"minecraft:killed_by":{"minecraft:zombie":3},"minecraft:mined":{"minecraft:short_grass":2,"minecraft:grass_block":1},"minecraft:killed":{"minecraft:sheep":1},"minecraft:custom":{"minecraft:time_since_rest":6633,"minecraft:play_time":23354,"minecraft:sprint_one_cm":8957,"minecraft:deaths":3,"minecraft:damage_taken":810,"minecraft:walk_one_cm":17146,"minecraft:mob_kills":1,"minecraft:drop":3,"minecraft:jump":140,"minecraft:damage_dealt":283,"minecraft:leave_game":2,"minecraft:time_since_death":2780,"minecraft:total_world_time":23354,"minecraft:fall_one_cm":4511,"minecraft:fly_one_cm":16327},"minecraft:dropped":{"minecraft:light_gray_wool":1,"minecraft:wheat_seeds":1,"minecraft:mutton":1}},"DataVersion":3953}