{"stats":{"minecraft:picked_up":{"minecraft:rotten_flesh":2,"minecraft:wheat_seeds":1,"minecraft:dirt":7},"minecraft:dropped":{"minecraft:rotten_flesh":2,"minecraft:dirt":7,"minecraft:wheat_seeds":1},"minecraft:custom":{"minecraft:jump":153,"minecraft:time_since_rest":6523,"minecraft:damage_dealt":10,"minecraft:damage_taken":580,"minecraft:leave_game":3,"minecraft:sprint_one_cm":8841,"minecraft:play_time":18630,"minecraft:walk_one_cm":14464,"minecraft:time_since_death":6283,"minecraft:deaths":2,"minecraft:sneak_time":126,"minecraft:total_world_time":18630,"minecraft:drop":3,"minecraft:fall_one_cm":4059,"minecraft:fly_one_cm":23254},"minecraft:killed_by":{"minecraft:zombie":2},"minecraft:mined":{"minecraft:tall_grass":6}},"DataVersion":3953}