{"stats":{"minecraft:used":{"minecraft:dirt":1},"minecraft:killed_by":{"minecraft:zombie":1},"minecraft:killed":{"minecraft:sheep":1},"minecraft:dropped":{"minecraft:wheat_seeds":1},"minecraft:picked_up":{"minecraft:wheat_seeds":1,"minecraft:mutton":2,"minecraft:dirt":1,"minecraft:white_wool":1},"minecraft:mined":{"minecraft:short_grass":2,"minecraft:grass_block":1,"minecraft:tall_grass":6},"minecraft:custom":{"minecraft:time_since_rest":4274,"minecraft:play_time":5969,"minecraft:sprint_one_cm":9886,"minecraft:walk_one_cm":15105,"minecraft:damage_taken":260,"minecraft:deaths":1,"minecraft:sneak_time":16,"minecraft:walk_under_water_one_cm":311,"minecraft:mob_kills":2,"minecraft:drop":1,"minecraft:jump":92,"minecraft:damage_dealt":119,"minecraft:time_since_death":4242,"minecraft:walk_on_water_one_cm":282,"minecraft:total_world_time":5969,"minecraft:swim_one_cm":2164,"minecraft:fall_one_cm":2986,"minecraft:fly_one_cm":30302}},"DataVersion":3953}