{"stats":{"minecraft:used":{"minecraft:redstone_torch":1,"minecraft:dirt":1,"minecraft:tnt":2,"minecraft:lightning_rod":1},"minecraft:killed_by":{"minecraft:zombie":1},"minecraft:killed":{"minecraft:sheep":1},"minecraft:dropped":{"minecraft:wheat_seeds":1,"minecraft:tnt":2,"minecraft:chest":2,"minecraft:redstone_torch":3,"minecraft:stone_bricks":6,"minecraft:mossy_stone_brick_slab":4,"minecraft:mossy_stone_brick_stairs":2,"minecraft:cracked_stone_bricks":2,"minecraft:magma_block":1,"minecraft:lightning_rod":2,"minecraft:stone_brick_slab":4},"minecraft:mined":{"minecraft:short_grass":2,"minecraft:grass_block":1,"minecraft:chest":1,"minecraft:tall_grass":6},"minecraft:picked_up":{"minecraft:magma_block":1,"minecraft:stone_brick_slab":4,"minecraft:fire_charge":2,"minecraft:lightning_rod":1,"minecraft:stone_brick_stairs":1,"minecraft:mossy_stone_brick_slab":4,"minecraft:dirt":1,"minecraft:flint_and_steel":1,"minecraft:tnt":1,"minecraft:stone_bricks":6,"minecraft:cracked_stone_bricks":2,"minecraft:wheat_seeds":1,"minecraft:redstone_torch":2,"minecraft:iron_nugget":14,"minecraft:sugar_cane":2,"minecraft:chest":2,"minecraft:mutton":2,"minecraft:mossy_stone_brick_stairs":2,"minecraft:white_wool":1},"minecraft:custom":{"minecraft:time_since_rest":16642,"minecraft:sprint_one_cm":17929,"minecraft:damage_taken":400,"minecraft:walk_one_cm":39361,"minecraft:mob_kills":2,"minecraft:drop":20,"minecraft:damage_dealt":179,"minecraft:swim_one_cm":3948,"minecraft:fly_one_cm":62841,"minecraft:open_chest":2,"minecraft:play_time":18337,"minecraft:deaths":1,"minecraft:sneak_time":35,"minecraft:walk_under_water_one_cm":953,"minecraft:jump":183,"minecraft:leave_game":4,"minecraft:walk_on_water_one_cm":1287,"minecraft:time_since_death":16610,"minecraft:total_world_time":18337,"minecraft:fall_one_cm":6029}},"DataVersion":3953}